id,title,body
"YSC2190121000","Case Was Received","On March 25, 2021, we received your Form I-765, Application for Employment Authorization, Receipt Number YSC2190121000, and sent you the receipt notice that describes how we will process your case.  Please follow the instructions in the notice.  If you have any questions, contact the USCIS Contact Center at <a href=""https://www.uscis.gov/contactcenter"" target=""_blank"">www.uscis.gov/contactcenter</a>.  If you move, go to <a href=""https://egov.uscis.gov/coa/displayCOAForm.do"" target=""_blank"">www.uscis.gov/addresschange</a> to give us your new mailing address."
"YSC2190121001","Case Was Received","On March 25, 2021, we received your Form I-765, Application for Employment Authorization, Receipt Number YSC2190121001, and sent you the receipt notice that describes how we will process your case.  Please follow the instructions in the notice.  If you have any questions, contact the USCIS Contact Center at <a href=""https://www.uscis.gov/contactcenter"" target=""_blank"">www.uscis.gov/contactcenter</a>.  If you move, go to <a href=""https://egov.uscis.gov/coa/displayCOAForm.do"" target=""_blank"">www.uscis.gov/addresschange</a> to give us your new mailing address."
"YSC2190121002","Case Was Received","On March 25, 2021, we received your Form I-765, Application for Employment Authorization, Receipt Number YSC2190121002, and sent you the receipt notice that describes how we will process your case.  Please follow the instructions in the notice.  If you have any questions, contact the USCIS Contact Center at <a href=""https://www.uscis.gov/contactcenter"" target=""_blank"">www.uscis.gov/contactcenter</a>.  If you move, go to <a href=""https://egov.uscis.gov/coa/displayCOAForm.do"" target=""_blank"">www.uscis.gov/addresschange</a> to give us your new mailing address."
"YSC2190121003","Case Was Received","On March 25, 2021, we received your Form I-765, Application for Employment Authorization, Receipt Number YSC2190121003, and sent you the receipt notice that describes how we will process your case.  Please follow the instructions in the notice.  If you have any questions, contact the USCIS Contact Center at <a href=""https://www.uscis.gov/contactcenter"" target=""_blank"">www.uscis.gov/contactcenter</a>.  If you move, go to <a href=""https://egov.uscis.gov/coa/displayCOAForm.do"" target=""_blank"">www.uscis.gov/addresschange</a> to give us your new mailing address."
"YSC2190121004","Case Was Received","On March 25, 2021, we received your Form I-765, Application for Employment Authorization, Receipt Number YSC2190121004, and sent you the receipt notice that describes how we will process your case.  Please follow the instructions in the notice.  If you have any questions, contact the USCIS Contact Center at <a href=""https://www.uscis.gov/contactcenter"" target=""_blank"">www.uscis.gov/contactcenter</a>.  If you move, go to <a href=""https://egov.uscis.gov/coa/displayCOAForm.do"" target=""_blank"">www.uscis.gov/addresschange</a> to give us your new mailing address."
"YSC2190121005","Case Was Received","On March 25, 2021, we received your Form I-765, Application for Employment Authorization, Receipt Number YSC2190121005, and sent you the receipt notice that describes how we will process your case.  Please follow the instructions in the notice.  If you have any questions, contact the USCIS Contact Center at <a href=""https://www.uscis.gov/contactcenter"" target=""_blank"">www.uscis.gov/contactcenter</a>.  If you move, go to <a href=""https://egov.uscis.gov/coa/displayCOAForm.do"" target=""_blank"">www.uscis.gov/addresschange</a> to give us your new mailing address."
"YSC2190121006","Case Was Received","On March 25, 2021, we received your Form I-765, Application for Employment Authorization, Receipt Number YSC2190121006, and sent you the receipt notice that describes how we will process your case.  Please follow the instructions in the notice.  If you have any questions, contact the USCIS Contact Center at <a href=""https://www.uscis.gov/contactcenter"" target=""_blank"">www.uscis.gov/contactcenter</a>.  If you move, go to <a href=""https://egov.uscis.gov/coa/displayCOAForm.do"" target=""_blank"">www.uscis.gov/addresschange</a> to give us your new mailing address."
"YSC2190121007","Case Was Received","On March 25, 2021, we received your Form I-765, Application for Employment Authorization, Receipt Number YSC2190121007, and sent you the receipt notice that describes how we will process your case.  Please follow the instructions in the notice.  If you have any questions, contact the USCIS Contact Center at <a href=""https://www.uscis.gov/contactcenter"" target=""_blank"">www.uscis.gov/contactcenter</a>.  If you move, go to <a href=""https://egov.uscis.gov/coa/displayCOAForm.do"" target=""_blank"">www.uscis.gov/addresschange</a> to give us your new mailing address."
"YSC2190121008","Case Was Received","On March 25, 2021, we received your Form I-765, Application for Employment Authorization, Receipt Number YSC2190121008, and sent you the receipt notice that describes how we will process your case.  Please follow the instructions in the notice.  If you have any questions, contact the USCIS Contact Center at <a href=""https://www.uscis.gov/contactcenter"" target=""_blank"">www.uscis.gov/contactcenter</a>.  If you move, go to <a href=""https://egov.uscis.gov/coa/displayCOAForm.do"" target=""_blank"">www.uscis.gov/addresschange</a> to give us your new mailing address."
"YSC2190121009","Case Was Received","On March 25, 2021, we received your Form I-765, Application for Employment Authorization, Receipt Number YSC2190121009, and sent you the receipt notice that describes how we will process your case.  Please follow the instructions in the notice.  If you have any questions, contact the USCIS Contact Center at <a href=""https://www.uscis.gov/contactcenter"" target=""_blank"">www.uscis.gov/contactcenter</a>.  If you move, go to <a href=""https://egov.uscis.gov/coa/displayCOAForm.do"" target=""_blank"">www.uscis.gov/addresschange</a> to give us your new mailing address."
"YSC2190121010","Case Was Received","On March 25, 2021, we received your Form I-765, Application for Employment Authorization, Receipt Number YSC2190121010, and sent you the receipt notice that describes how we will process your case.  Please follow the instructions in the notice.  If you have any questions, contact the USCIS Contact Center at <a href=""https://www.uscis.gov/contactcenter"" target=""_blank"">www.uscis.gov/contactcenter</a>.  If you move, go to <a href=""https://egov.uscis.gov/coa/displayCOAForm.do"" target=""_blank"">www.uscis.gov/addresschange</a> to give us your new mailing address."
"YSC2190121011","Case Was Received","On March 25, 2021, we received your Form I-765, Application for Employment Authorization, Receipt Number YSC2190121011, and sent you the receipt notice that describes how we will process your case.  Please follow the instructions in the notice.  If you have any questions, contact the USCIS Contact Center at <a href=""https://www.uscis.gov/contactcenter"" target=""_blank"">www.uscis.gov/contactcenter</a>.  If you move, go to <a href=""https://egov.uscis.gov/coa/displayCOAForm.do"" target=""_blank"">www.uscis.gov/addresschange</a> to give us your new mailing address."
"YSC2190121012","Case Was Received","On March 25, 2021, we received your Form I-765, Application for Employment Authorization, Receipt Number YSC2190121012, and sent you the receipt notice that describes how we will process your case.  Please follow the instructions in the notice.  If you have any questions, contact the USCIS Contact Center at <a href=""https://www.uscis.gov/contactcenter"" target=""_blank"">www.uscis.gov/contactcenter</a>.  If you move, go to <a href=""https://egov.uscis.gov/coa/displayCOAForm.do"" target=""_blank"">www.uscis.gov/addresschange</a> to give us your new mailing address."
"YSC2190121013","Case Was Received","On March 25, 2021, we received your Form I-765, Application for Employment Authorization, Receipt Number YSC2190121013, and sent you the receipt notice that describes how we will process your case.  Please follow the instructions in the notice.  If you have any questions, contact the USCIS Contact Center at <a href=""https://www.uscis.gov/contactcenter"" target=""_blank"">www.uscis.gov/contactcenter</a>.  If you move, go to <a href=""https://egov.uscis.gov/coa/displayCOAForm.do"" target=""_blank"">www.uscis.gov/addresschange</a> to give us your new mailing address."
"YSC2190121014","Case Was Received","On March 25, 2021, we received your Form I-765, Application for Employment Authorization, Receipt Number YSC2190121014, and sent you the receipt notice that describes how we will process your case.  Please follow the instructions in the notice.  If you have any questions, contact the USCIS Contact Center at <a href=""https://www.uscis.gov/contactcenter"" target=""_blank"">www.uscis.gov/contactcenter</a>.  If you move, go to <a href=""https://egov.uscis.gov/coa/displayCOAForm.do"" target=""_blank"">www.uscis.gov/addresschange</a> to give us your new mailing address."
"YSC2190121015","Case Was Received","On March 1, 2021, we received your Form I-751, Petition to Remove Conditions on Residence, Receipt Number YSC2190121015, and sent you the receipt notice that describes how we will process your case.  Please follow the instructions in the notice.  If you have any questions, contact the USCIS Contact Center at <a href=""https://www.uscis.gov/contactcenter"" target=""_blank"">www.uscis.gov/contactcenter</a>.  If you move, go to <a href=""https://egov.uscis.gov/coa/displayCOAForm.do"" target=""_blank"">www.uscis.gov/addresschange</a> to give us your new mailing address."
"YSC2190121016","Case Was Received","On March 25, 2021, we received your Form I-765, Application for Employment Authorization, Receipt Number YSC2190121016, and sent you the receipt notice that describes how we will process your case.  Please follow the instructions in the notice.  If you have any questions, contact the USCIS Contact Center at <a href=""https://www.uscis.gov/contactcenter"" target=""_blank"">www.uscis.gov/contactcenter</a>.  If you move, go to <a href=""https://egov.uscis.gov/coa/displayCOAForm.do"" target=""_blank"">www.uscis.gov/addresschange</a> to give us your new mailing address."
"YSC2190121017","Case Was Received","On March 25, 2021, we received your Form I-765, Application for Employment Authorization, Receipt Number YSC2190121017, and sent you the receipt notice that describes how we will process your case.  Please follow the instructions in the notice.  If you have any questions, contact the USCIS Contact Center at <a href=""https://www.uscis.gov/contactcenter"" target=""_blank"">www.uscis.gov/contactcenter</a>.  If you move, go to <a href=""https://egov.uscis.gov/coa/displayCOAForm.do"" target=""_blank"">www.uscis.gov/addresschange</a> to give us your new mailing address."
"YSC2190121018","Case Was Received","On March 25, 2021, we received your Form I-765, Application for Employment Authorization, Receipt Number YSC2190121018, and sent you the receipt notice that describes how we will process your case.  Please follow the instructions in the notice.  If you have any questions, contact the USCIS Contact Center at <a href=""https://www.uscis.gov/contactcenter"" target=""_blank"">www.uscis.gov/contactcenter</a>.  If you move, go to <a href=""https://egov.uscis.gov/coa/displayCOAForm.do"" target=""_blank"">www.uscis.gov/addresschange</a> to give us your new mailing address."
"YSC2190121019","Case Was Received","On March 25, 2021, we received your Form I-765, Application for Employment Authorization, Receipt Number YSC2190121019, and sent you the receipt notice that describes how we will process your case.  Please follow the instructions in the notice.  If you have any questions, contact the USCIS Contact Center at <a href=""https://www.uscis.gov/contactcenter"" target=""_blank"">www.uscis.gov/contactcenter</a>.  If you move, go to <a href=""https://egov.uscis.gov/coa/displayCOAForm.do"" target=""_blank"">www.uscis.gov/addresschange</a> to give us your new mailing address."
"YSC2190121020","Case Was Received","On March 25, 2021, we received your Form I-765, Application for Employment Authorization, Receipt Number YSC2190121020, and sent you the receipt notice that describes how we will process your case.  Please follow the instructions in the notice.  If you have any questions, contact the USCIS Contact Center at <a href=""https://www.uscis.gov/contactcenter"" target=""_blank"">www.uscis.gov/contactcenter</a>.  If you move, go to <a href=""https://egov.uscis.gov/coa/displayCOAForm.do"" target=""_blank"">www.uscis.gov/addresschange</a> to give us your new mailing address."
"YSC2190121021","Case Was Received","On March 25, 2021, we received your Form I-765, Application for Employment Authorization, Receipt Number YSC2190121021, and sent you the receipt notice that describes how we will process your case.  Please follow the instructions in the notice.  If you have any questions, contact the USCIS Contact Center at <a href=""https://www.uscis.gov/contactcenter"" target=""_blank"">www.uscis.gov/contactcenter</a>.  If you move, go to <a href=""https://egov.uscis.gov/coa/displayCOAForm.do"" target=""_blank"">www.uscis.gov/addresschange</a> to give us your new mailing address."
"YSC2190121022","Case Was Received","On March 25, 2021, we received your Form I-765, Application for Employment Authorization, Receipt Number YSC2190121022, and sent you the receipt notice that describes how we will process your case.  Please follow the instructions in the notice.  If you have any questions, contact the USCIS Contact Center at <a href=""https://www.uscis.gov/contactcenter"" target=""_blank"">www.uscis.gov/contactcenter</a>.  If you move, go to <a href=""https://egov.uscis.gov/coa/displayCOAForm.do"" target=""_blank"">www.uscis.gov/addresschange</a> to give us your new mailing address."
"YSC2190121023","Case Was Received","On March 25, 2021, we received your Form I-765, Application for Employment Authorization, Receipt Number YSC2190121023, and sent you the receipt notice that describes how we will process your case.  Please follow the instructions in the notice.  If you have any questions, contact the USCIS Contact Center at <a href=""https://www.uscis.gov/contactcenter"" target=""_blank"">www.uscis.gov/contactcenter</a>.  If you move, go to <a href=""https://egov.uscis.gov/coa/displayCOAForm.do"" target=""_blank"">www.uscis.gov/addresschange</a> to give us your new mailing address."
"YSC2190121024","Case Was Received","On March 25, 2021, we received your Form I-765, Application for Employment Authorization, Receipt Number YSC2190121024, and sent you the receipt notice that describes how we will process your case.  Please follow the instructions in the notice.  If you have any questions, contact the USCIS Contact Center at <a href=""https://www.uscis.gov/contactcenter"" target=""_blank"">www.uscis.gov/contactcenter</a>.  If you move, go to <a href=""https://egov.uscis.gov/coa/displayCOAForm.do"" target=""_blank"">www.uscis.gov/addresschange</a> to give us your new mailing address."
"YSC2190121025","Case Was Received","On March 25, 2021, we received your Form I-765, Application for Employment Authorization, Receipt Number YSC2190121025, and sent you the receipt notice that describes how we will process your case.  Please follow the instructions in the notice.  If you have any questions, contact the USCIS Contact Center at <a href=""https://www.uscis.gov/contactcenter"" target=""_blank"">www.uscis.gov/contactcenter</a>.  If you move, go to <a href=""https://egov.uscis.gov/coa/displayCOAForm.do"" target=""_blank"">www.uscis.gov/addresschange</a> to give us your new mailing address."
"YSC2190121026","Case Was Received","On March 25, 2021, we received your Form I-765, Application for Employment Authorization, Receipt Number YSC2190121026, and sent you the receipt notice that describes how we will process your case.  Please follow the instructions in the notice.  If you have any questions, contact the USCIS Contact Center at <a href=""https://www.uscis.gov/contactcenter"" target=""_blank"">www.uscis.gov/contactcenter</a>.  If you move, go to <a href=""https://egov.uscis.gov/coa/displayCOAForm.do"" target=""_blank"">www.uscis.gov/addresschange</a> to give us your new mailing address."
"YSC2190121027","Case Was Received","On March 25, 2021, we received your Form I-765, Application for Employment Authorization, Receipt Number YSC2190121027, and sent you the receipt notice that describes how we will process your case.  Please follow the instructions in the notice.  If you have any questions, contact the USCIS Contact Center at <a href=""https://www.uscis.gov/contactcenter"" target=""_blank"">www.uscis.gov/contactcenter</a>.  If you move, go to <a href=""https://egov.uscis.gov/coa/displayCOAForm.do"" target=""_blank"">www.uscis.gov/addresschange</a> to give us your new mailing address."
"YSC2190121028","Case Was Received","On March 25, 2021, we received your Form I-765, Application for Employment Authorization, Receipt Number YSC2190121028, and sent you the receipt notice that describes how we will process your case.  Please follow the instructions in the notice.  If you have any questions, contact the USCIS Contact Center at <a href=""https://www.uscis.gov/contactcenter"" target=""_blank"">www.uscis.gov/contactcenter</a>.  If you move, go to <a href=""https://egov.uscis.gov/coa/displayCOAForm.do"" target=""_blank"">www.uscis.gov/addresschange</a> to give us your new mailing address."
"YSC2190121029","Case Was Received","On March 25, 2021, we received your Form I-765, Application for Employment Authorization, Receipt Number YSC2190121029, and sent you the receipt notice that describes how we will process your case.  Please follow the instructions in the notice.  If you have any questions, contact the USCIS Contact Center at <a href=""https://www.uscis.gov/contactcenter"" target=""_blank"">www.uscis.gov/contactcenter</a>.  If you move, go to <a href=""https://egov.uscis.gov/coa/displayCOAForm.do"" target=""_blank"">www.uscis.gov/addresschange</a> to give us your new mailing address."
"YSC2190121030","Case Was Received","On March 25, 2021, we received your Form I-765, Application for Employment Authorization, Receipt Number YSC2190121030, and sent you the receipt notice that describes how we will process your case.  Please follow the instructions in the notice.  If you have any questions, contact the USCIS Contact Center at <a href=""https://www.uscis.gov/contactcenter"" target=""_blank"">www.uscis.gov/contactcenter</a>.  If you move, go to <a href=""https://egov.uscis.gov/coa/displayCOAForm.do"" target=""_blank"">www.uscis.gov/addresschange</a> to give us your new mailing address."
"YSC2190121031","Case Was Received","On March 25, 2021, we received your Form I-765, Application for Employment Authorization, Receipt Number YSC2190121031, and sent you the receipt notice that describes how we will process your case.  Please follow the instructions in the notice.  If you have any questions, contact the USCIS Contact Center at <a href=""https://www.uscis.gov/contactcenter"" target=""_blank"">www.uscis.gov/contactcenter</a>.  If you move, go to <a href=""https://egov.uscis.gov/coa/displayCOAForm.do"" target=""_blank"">www.uscis.gov/addresschange</a> to give us your new mailing address."
"YSC2190121032","Case Was Received","On March 25, 2021, we received your Form I-765, Application for Employment Authorization, Receipt Number YSC2190121032, and sent you the receipt notice that describes how we will process your case.  Please follow the instructions in the notice.  If you have any questions, contact the USCIS Contact Center at <a href=""https://www.uscis.gov/contactcenter"" target=""_blank"">www.uscis.gov/contactcenter</a>.  If you move, go to <a href=""https://egov.uscis.gov/coa/displayCOAForm.do"" target=""_blank"">www.uscis.gov/addresschange</a> to give us your new mailing address."
"YSC2190121033","Case Was Received","On March 25, 2021, we received your Form I-765, Application for Employment Authorization, Receipt Number YSC2190121033, and sent you the receipt notice that describes how we will process your case.  Please follow the instructions in the notice.  If you have any questions, contact the USCIS Contact Center at <a href=""https://www.uscis.gov/contactcenter"" target=""_blank"">www.uscis.gov/contactcenter</a>.  If you move, go to <a href=""https://egov.uscis.gov/coa/displayCOAForm.do"" target=""_blank"">www.uscis.gov/addresschange</a> to give us your new mailing address."
"YSC2190121034","Case Was Received","On March 25, 2021, we received your Form I-765, Application for Employment Authorization, Receipt Number YSC2190121034, and sent you the receipt notice that describes how we will process your case.  Please follow the instructions in the notice.  If you have any questions, contact the USCIS Contact Center at <a href=""https://www.uscis.gov/contactcenter"" target=""_blank"">www.uscis.gov/contactcenter</a>.  If you move, go to <a href=""https://egov.uscis.gov/coa/displayCOAForm.do"" target=""_blank"">www.uscis.gov/addresschange</a> to give us your new mailing address."
"YSC2190121035","Case Was Received","On March 25, 2021, we received your Form I-765, Application for Employment Authorization, Receipt Number YSC2190121035, and sent you the receipt notice that describes how we will process your case.  Please follow the instructions in the notice.  If you have any questions, contact the USCIS Contact Center at <a href=""https://www.uscis.gov/contactcenter"" target=""_blank"">www.uscis.gov/contactcenter</a>.  If you move, go to <a href=""https://egov.uscis.gov/coa/displayCOAForm.do"" target=""_blank"">www.uscis.gov/addresschange</a> to give us your new mailing address."
"YSC2190121036","Case Was Received","On March 25, 2021, we received your Form I-765, Application for Employment Authorization, Receipt Number YSC2190121036, and sent you the receipt notice that describes how we will process your case.  Please follow the instructions in the notice.  If you have any questions, contact the USCIS Contact Center at <a href=""https://www.uscis.gov/contactcenter"" target=""_blank"">www.uscis.gov/contactcenter</a>.  If you move, go to <a href=""https://egov.uscis.gov/coa/displayCOAForm.do"" target=""_blank"">www.uscis.gov/addresschange</a> to give us your new mailing address."
"YSC2190121037","Case Was Received","On March 25, 2021, we received your Form I-765, Application for Employment Authorization, Receipt Number YSC2190121037, and sent you the receipt notice that describes how we will process your case.  Please follow the instructions in the notice.  If you have any questions, contact the USCIS Contact Center at <a href=""https://www.uscis.gov/contactcenter"" target=""_blank"">www.uscis.gov/contactcenter</a>.  If you move, go to <a href=""https://egov.uscis.gov/coa/displayCOAForm.do"" target=""_blank"">www.uscis.gov/addresschange</a> to give us your new mailing address."
"YSC2190121038","Case Was Received","On March 25, 2021, we received your Form I-765, Application for Employment Authorization, Receipt Number YSC2190121038, and sent you the receipt notice that describes how we will process your case.  Please follow the instructions in the notice.  If you have any questions, contact the USCIS Contact Center at <a href=""https://www.uscis.gov/contactcenter"" target=""_blank"">www.uscis.gov/contactcenter</a>.  If you move, go to <a href=""https://egov.uscis.gov/coa/displayCOAForm.do"" target=""_blank"">www.uscis.gov/addresschange</a> to give us your new mailing address."
"YSC2190121039","Case Was Received","On March 25, 2021, we received your Form I-765, Application for Employment Authorization, Receipt Number YSC2190121039, and sent you the receipt notice that describes how we will process your case.  Please follow the instructions in the notice.  If you have any questions, contact the USCIS Contact Center at <a href=""https://www.uscis.gov/contactcenter"" target=""_blank"">www.uscis.gov/contactcenter</a>.  If you move, go to <a href=""https://egov.uscis.gov/coa/displayCOAForm.do"" target=""_blank"">www.uscis.gov/addresschange</a> to give us your new mailing address."
"YSC2190121040","Case Was Received","On March 25, 2021, we received your Form I-765, Application for Employment Authorization, Receipt Number YSC2190121040, and sent you the receipt notice that describes how we will process your case.  Please follow the instructions in the notice.  If you have any questions, contact the USCIS Contact Center at <a href=""https://www.uscis.gov/contactcenter"" target=""_blank"">www.uscis.gov/contactcenter</a>.  If you move, go to <a href=""https://egov.uscis.gov/coa/displayCOAForm.do"" target=""_blank"">www.uscis.gov/addresschange</a> to give us your new mailing address."
"YSC2190121041","Case Was Received","On March 25, 2021, we received your Form I-765, Application for Employment Authorization, Receipt Number YSC2190121041, and sent you the receipt notice that describes how we will process your case.  Please follow the instructions in the notice.  If you have any questions, contact the USCIS Contact Center at <a href=""https://www.uscis.gov/contactcenter"" target=""_blank"">www.uscis.gov/contactcenter</a>.  If you move, go to <a href=""https://egov.uscis.gov/coa/displayCOAForm.do"" target=""_blank"">www.uscis.gov/addresschange</a> to give us your new mailing address."
"YSC2190121042","Case Was Received","On March 25, 2021, we received your Form I-765, Application for Employment Authorization, Receipt Number YSC2190121042, and sent you the receipt notice that describes how we will process your case.  Please follow the instructions in the notice.  If you have any questions, contact the USCIS Contact Center at <a href=""https://www.uscis.gov/contactcenter"" target=""_blank"">www.uscis.gov/contactcenter</a>.  If you move, go to <a href=""https://egov.uscis.gov/coa/displayCOAForm.do"" target=""_blank"">www.uscis.gov/addresschange</a> to give us your new mailing address."
"YSC2190121043","Case Was Received","On March 25, 2021, we received your Form I-765, Application for Employment Authorization, Receipt Number YSC2190121043, and sent you the receipt notice that describes how we will process your case.  Please follow the instructions in the notice.  If you have any questions, contact the USCIS Contact Center at <a href=""https://www.uscis.gov/contactcenter"" target=""_blank"">www.uscis.gov/contactcenter</a>.  If you move, go to <a href=""https://egov.uscis.gov/coa/displayCOAForm.do"" target=""_blank"">www.uscis.gov/addresschange</a> to give us your new mailing address."
"YSC2190121044","Case Was Received","On March 25, 2021, we received your Form I-765, Application for Employment Authorization, Receipt Number YSC2190121044, and sent you the receipt notice that describes how we will process your case.  Please follow the instructions in the notice.  If you have any questions, contact the USCIS Contact Center at <a href=""https://www.uscis.gov/contactcenter"" target=""_blank"">www.uscis.gov/contactcenter</a>.  If you move, go to <a href=""https://egov.uscis.gov/coa/displayCOAForm.do"" target=""_blank"">www.uscis.gov/addresschange</a> to give us your new mailing address."
"YSC2190121045","Case Was Received","On March 25, 2021, we received your Form I-765, Application for Employment Authorization, Receipt Number YSC2190121045, and sent you the receipt notice that describes how we will process your case.  Please follow the instructions in the notice.  If you have any questions, contact the USCIS Contact Center at <a href=""https://www.uscis.gov/contactcenter"" target=""_blank"">www.uscis.gov/contactcenter</a>.  If you move, go to <a href=""https://egov.uscis.gov/coa/displayCOAForm.do"" target=""_blank"">www.uscis.gov/addresschange</a> to give us your new mailing address."
"YSC2190121046","Case Was Received","On March 25, 2021, we received your Form I-765, Application for Employment Authorization, Receipt Number YSC2190121046, and sent you the receipt notice that describes how we will process your case.  Please follow the instructions in the notice.  If you have any questions, contact the USCIS Contact Center at <a href=""https://www.uscis.gov/contactcenter"" target=""_blank"">www.uscis.gov/contactcenter</a>.  If you move, go to <a href=""https://egov.uscis.gov/coa/displayCOAForm.do"" target=""_blank"">www.uscis.gov/addresschange</a> to give us your new mailing address."
"YSC2190121047","Case Was Received","On March 25, 2021, we received your Form I-765, Application for Employment Authorization, Receipt Number YSC2190121047, and sent you the receipt notice that describes how we will process your case.  Please follow the instructions in the notice.  If you have any questions, contact the USCIS Contact Center at <a href=""https://www.uscis.gov/contactcenter"" target=""_blank"">www.uscis.gov/contactcenter</a>.  If you move, go to <a href=""https://egov.uscis.gov/coa/displayCOAForm.do"" target=""_blank"">www.uscis.gov/addresschange</a> to give us your new mailing address."
"YSC2190121048","Case Was Received","On March 25, 2021, we received your Form I-765, Application for Employment Authorization, Receipt Number YSC2190121048, and sent you the receipt notice that describes how we will process your case.  Please follow the instructions in the notice.  If you have any questions, contact the USCIS Contact Center at <a href=""https://www.uscis.gov/contactcenter"" target=""_blank"">www.uscis.gov/contactcenter</a>.  If you move, go to <a href=""https://egov.uscis.gov/coa/displayCOAForm.do"" target=""_blank"">www.uscis.gov/addresschange</a> to give us your new mailing address."
"YSC2190121049","Case Was Received","On March 25, 2021, we received your Form I-765, Application for Employment Authorization, Receipt Number YSC2190121049, and sent you the receipt notice that describes how we will process your case.  Please follow the instructions in the notice.  If you have any questions, contact the USCIS Contact Center at <a href=""https://www.uscis.gov/contactcenter"" target=""_blank"">www.uscis.gov/contactcenter</a>.  If you move, go to <a href=""https://egov.uscis.gov/coa/displayCOAForm.do"" target=""_blank"">www.uscis.gov/addresschange</a> to give us your new mailing address."
"YSC2190121050","Case Was Received","On March 25, 2021, we received your Form I-765, Application for Employment Authorization, Receipt Number YSC2190121050, and sent you the receipt notice that describes how we will process your case.  Please follow the instructions in the notice.  If you have any questions, contact the USCIS Contact Center at <a href=""https://www.uscis.gov/contactcenter"" target=""_blank"">www.uscis.gov/contactcenter</a>.  If you move, go to <a href=""https://egov.uscis.gov/coa/displayCOAForm.do"" target=""_blank"">www.uscis.gov/addresschange</a> to give us your new mailing address."
"YSC2190121051","Case Was Received","On March 4, 2021, we received your Form I-765, Application for Employment Authorization, Receipt Number YSC2190121051, and sent you the receipt notice that describes how we will process your case.  Please follow the instructions in the notice.  If you have any questions, contact the USCIS Contact Center at <a href=""https://www.uscis.gov/contactcenter"" target=""_blank"">www.uscis.gov/contactcenter</a>.  If you move, go to <a href=""https://egov.uscis.gov/coa/displayCOAForm.do"" target=""_blank"">www.uscis.gov/addresschange</a> to give us your new mailing address."
"YSC2190121052","Case Was Received","On March 4, 2021, we received your Form I-765, Application for Employment Authorization, Receipt Number YSC2190121052, and sent you the receipt notice that describes how we will process your case.  Please follow the instructions in the notice.  If you have any questions, contact the USCIS Contact Center at <a href=""https://www.uscis.gov/contactcenter"" target=""_blank"">www.uscis.gov/contactcenter</a>.  If you move, go to <a href=""https://egov.uscis.gov/coa/displayCOAForm.do"" target=""_blank"">www.uscis.gov/addresschange</a> to give us your new mailing address."
"YSC2190121053","Fingerprint Fee Was Received","On March 29, 2021, we accepted the fingerprint fee for your Form I-601A, Application for Provisional Unlawful Presence Waiver, Receipt Number YSC2190121053. Our Potomac Service Center location is working on your case. We mailed you a notice describing how we will process your case. Please follow the instructions in the notice. If you move, go to <a href=""https://egov.uscis.gov/coa/displayCOAForm.do"" target=""_blank"">www.uscis.gov/addresschange</a> to give us your new mailing address."
"YSC2190121054","Fingerprint Fee Was Received","On March 29, 2021, we accepted the fingerprint fee for your Form I-601A, Application for Provisional Unlawful Presence Waiver, Receipt Number YSC2190121054. Our Potomac Service Center location is working on your case. We mailed you a notice describing how we will process your case. Please follow the instructions in the notice. If you move, go to <a href=""https://egov.uscis.gov/coa/displayCOAForm.do"" target=""_blank"">www.uscis.gov/addresschange</a> to give us your new mailing address."
"YSC2190121055","Fingerprint Fee Was Received","On March 29, 2021, we accepted the fingerprint fee for your Form I-601A, Application for Provisional Unlawful Presence Waiver, Receipt Number YSC2190121055. Our Potomac Service Center location is working on your case. We mailed you a notice describing how we will process your case. Please follow the instructions in the notice. If you move, go to <a href=""https://egov.uscis.gov/coa/displayCOAForm.do"" target=""_blank"">www.uscis.gov/addresschange</a> to give us your new mailing address."
"YSC2190121056","Fingerprint Fee Was Received","On March 29, 2021, we accepted the fingerprint fee for your Form I-601A, Application for Provisional Unlawful Presence Waiver, Receipt Number YSC2190121056. Our Potomac Service Center location is working on your case. We mailed you a notice describing how we will process your case. Please follow the instructions in the notice. If you move, go to <a href=""https://egov.uscis.gov/coa/displayCOAForm.do"" target=""_blank"">www.uscis.gov/addresschange</a> to give us your new mailing address."
"YSC2190121057","Case Was Received","On March 25, 2021, we received your Form I-765, Application for Employment Authorization, Receipt Number YSC2190121057, and sent you the receipt notice that describes how we will process your case.  Please follow the instructions in the notice.  If you have any questions, contact the USCIS Contact Center at <a href=""https://www.uscis.gov/contactcenter"" target=""_blank"">www.uscis.gov/contactcenter</a>.  If you move, go to <a href=""https://egov.uscis.gov/coa/displayCOAForm.do"" target=""_blank"">www.uscis.gov/addresschange</a> to give us your new mailing address."
"YSC2190121058","Case Was Received","On March 25, 2021, we received your Form I-765, Application for Employment Authorization, Receipt Number YSC2190121058, and sent you the receipt notice that describes how we will process your case.  Please follow the instructions in the notice.  If you have any questions, contact the USCIS Contact Center at <a href=""https://www.uscis.gov/contactcenter"" target=""_blank"">www.uscis.gov/contactcenter</a>.  If you move, go to <a href=""https://egov.uscis.gov/coa/displayCOAForm.do"" target=""_blank"">www.uscis.gov/addresschange</a> to give us your new mailing address."
"YSC2190121059","Case Was Received","On March 25, 2021, we received your Form I-765, Application for Employment Authorization, Receipt Number YSC2190121059, and sent you the receipt notice that describes how we will process your case.  Please follow the instructions in the notice.  If you have any questions, contact the USCIS Contact Center at <a href=""https://www.uscis.gov/contactcenter"" target=""_blank"">www.uscis.gov/contactcenter</a>.  If you move, go to <a href=""https://egov.uscis.gov/coa/displayCOAForm.do"" target=""_blank"">www.uscis.gov/addresschange</a> to give us your new mailing address."
"YSC2190121060","Case Was Received","On March 25, 2021, we received your Form I-765, Application for Employment Authorization, Receipt Number YSC2190121060, and sent you the receipt notice that describes how we will process your case.  Please follow the instructions in the notice.  If you have any questions, contact the USCIS Contact Center at <a href=""https://www.uscis.gov/contactcenter"" target=""_blank"">www.uscis.gov/contactcenter</a>.  If you move, go to <a href=""https://egov.uscis.gov/coa/displayCOAForm.do"" target=""_blank"">www.uscis.gov/addresschange</a> to give us your new mailing address."
"YSC2190121061","Case Was Received","On March 25, 2021, we received your Form I-765, Application for Employment Authorization, Receipt Number YSC2190121061, and sent you the receipt notice that describes how we will process your case.  Please follow the instructions in the notice.  If you have any questions, contact the USCIS Contact Center at <a href=""https://www.uscis.gov/contactcenter"" target=""_blank"">www.uscis.gov/contactcenter</a>.  If you move, go to <a href=""https://egov.uscis.gov/coa/displayCOAForm.do"" target=""_blank"">www.uscis.gov/addresschange</a> to give us your new mailing address."
"YSC2190121062","Case Was Received","On March 25, 2021, we received your Form I-765, Application for Employment Authorization, Receipt Number YSC2190121062, and sent you the receipt notice that describes how we will process your case.  Please follow the instructions in the notice.  If you have any questions, contact the USCIS Contact Center at <a href=""https://www.uscis.gov/contactcenter"" target=""_blank"">www.uscis.gov/contactcenter</a>.  If you move, go to <a href=""https://egov.uscis.gov/coa/displayCOAForm.do"" target=""_blank"">www.uscis.gov/addresschange</a> to give us your new mailing address."
"YSC2190121063","Case Was Received","On March 25, 2021, we received your Form I-765, Application for Employment Authorization, Receipt Number YSC2190121063, and sent you the receipt notice that describes how we will process your case.  Please follow the instructions in the notice.  If you have any questions, contact the USCIS Contact Center at <a href=""https://www.uscis.gov/contactcenter"" target=""_blank"">www.uscis.gov/contactcenter</a>.  If you move, go to <a href=""https://egov.uscis.gov/coa/displayCOAForm.do"" target=""_blank"">www.uscis.gov/addresschange</a> to give us your new mailing address."
"YSC2190121064","Case Was Received","On March 25, 2021, we received your Form I-765, Application for Employment Authorization, Receipt Number YSC2190121064, and sent you the receipt notice that describes how we will process your case.  Please follow the instructions in the notice.  If you have any questions, contact the USCIS Contact Center at <a href=""https://www.uscis.gov/contactcenter"" target=""_blank"">www.uscis.gov/contactcenter</a>.  If you move, go to <a href=""https://egov.uscis.gov/coa/displayCOAForm.do"" target=""_blank"">www.uscis.gov/addresschange</a> to give us your new mailing address."
"YSC2190121065","Case Was Received","On March 25, 2021, we received your Form I-765, Application for Employment Authorization, Receipt Number YSC2190121065, and sent you the receipt notice that describes how we will process your case.  Please follow the instructions in the notice.  If you have any questions, contact the USCIS Contact Center at <a href=""https://www.uscis.gov/contactcenter"" target=""_blank"">www.uscis.gov/contactcenter</a>.  If you move, go to <a href=""https://egov.uscis.gov/coa/displayCOAForm.do"" target=""_blank"">www.uscis.gov/addresschange</a> to give us your new mailing address."
"YSC2190121066","Case Was Received","On March 25, 2021, we received your Form I-765, Application for Employment Authorization, Receipt Number YSC2190121066, and sent you the receipt notice that describes how we will process your case.  Please follow the instructions in the notice.  If you have any questions, contact the USCIS Contact Center at <a href=""https://www.uscis.gov/contactcenter"" target=""_blank"">www.uscis.gov/contactcenter</a>.  If you move, go to <a href=""https://egov.uscis.gov/coa/displayCOAForm.do"" target=""_blank"">www.uscis.gov/addresschange</a> to give us your new mailing address."
"YSC2190121067","Case Was Received","On March 25, 2021, we received your Form I-765, Application for Employment Authorization, Receipt Number YSC2190121067, and sent you the receipt notice that describes how we will process your case.  Please follow the instructions in the notice.  If you have any questions, contact the USCIS Contact Center at <a href=""https://www.uscis.gov/contactcenter"" target=""_blank"">www.uscis.gov/contactcenter</a>.  If you move, go to <a href=""https://egov.uscis.gov/coa/displayCOAForm.do"" target=""_blank"">www.uscis.gov/addresschange</a> to give us your new mailing address."
"YSC2190121068","Case Was Received","On March 25, 2021, we received your Form I-765, Application for Employment Authorization, Receipt Number YSC2190121068, and sent you the receipt notice that describes how we will process your case.  Please follow the instructions in the notice.  If you have any questions, contact the USCIS Contact Center at <a href=""https://www.uscis.gov/contactcenter"" target=""_blank"">www.uscis.gov/contactcenter</a>.  If you move, go to <a href=""https://egov.uscis.gov/coa/displayCOAForm.do"" target=""_blank"">www.uscis.gov/addresschange</a> to give us your new mailing address."
"YSC2190121069","Case Was Received","On March 25, 2021, we received your Form I-765, Application for Employment Authorization, Receipt Number YSC2190121069, and sent you the receipt notice that describes how we will process your case.  Please follow the instructions in the notice.  If you have any questions, contact the USCIS Contact Center at <a href=""https://www.uscis.gov/contactcenter"" target=""_blank"">www.uscis.gov/contactcenter</a>.  If you move, go to <a href=""https://egov.uscis.gov/coa/displayCOAForm.do"" target=""_blank"">www.uscis.gov/addresschange</a> to give us your new mailing address."
"YSC2190121070","Case Was Received","On March 25, 2021, we received your Form I-765, Application for Employment Authorization, Receipt Number YSC2190121070, and sent you the receipt notice that describes how we will process your case.  Please follow the instructions in the notice.  If you have any questions, contact the USCIS Contact Center at <a href=""https://www.uscis.gov/contactcenter"" target=""_blank"">www.uscis.gov/contactcenter</a>.  If you move, go to <a href=""https://egov.uscis.gov/coa/displayCOAForm.do"" target=""_blank"">www.uscis.gov/addresschange</a> to give us your new mailing address."
"YSC2190121071","Case Was Received","On March 25, 2021, we received your Form I-765, Application for Employment Authorization, Receipt Number YSC2190121071, and sent you the receipt notice that describes how we will process your case.  Please follow the instructions in the notice.  If you have any questions, contact the USCIS Contact Center at <a href=""https://www.uscis.gov/contactcenter"" target=""_blank"">www.uscis.gov/contactcenter</a>.  If you move, go to <a href=""https://egov.uscis.gov/coa/displayCOAForm.do"" target=""_blank"">www.uscis.gov/addresschange</a> to give us your new mailing address."
"YSC2190121072","Case Was Received","On March 25, 2021, we received your Form I-765, Application for Employment Authorization, Receipt Number YSC2190121072, and sent you the receipt notice that describes how we will process your case.  Please follow the instructions in the notice.  If you have any questions, contact the USCIS Contact Center at <a href=""https://www.uscis.gov/contactcenter"" target=""_blank"">www.uscis.gov/contactcenter</a>.  If you move, go to <a href=""https://egov.uscis.gov/coa/displayCOAForm.do"" target=""_blank"">www.uscis.gov/addresschange</a> to give us your new mailing address."
"YSC2190121073","Case Was Received","On March 25, 2021, we received your Form I-765, Application for Employment Authorization, Receipt Number YSC2190121073, and sent you the receipt notice that describes how we will process your case.  Please follow the instructions in the notice.  If you have any questions, contact the USCIS Contact Center at <a href=""https://www.uscis.gov/contactcenter"" target=""_blank"">www.uscis.gov/contactcenter</a>.  If you move, go to <a href=""https://egov.uscis.gov/coa/displayCOAForm.do"" target=""_blank"">www.uscis.gov/addresschange</a> to give us your new mailing address."
"YSC2190121074","Case Was Received","On March 25, 2021, we received your Form I-765, Application for Employment Authorization, Receipt Number YSC2190121074, and sent you the receipt notice that describes how we will process your case.  Please follow the instructions in the notice.  If you have any questions, contact the USCIS Contact Center at <a href=""https://www.uscis.gov/contactcenter"" target=""_blank"">www.uscis.gov/contactcenter</a>.  If you move, go to <a href=""https://egov.uscis.gov/coa/displayCOAForm.do"" target=""_blank"">www.uscis.gov/addresschange</a> to give us your new mailing address."
"YSC2190121075","Case Was Received","On March 25, 2021, we received your Form I-765, Application for Employment Authorization, Receipt Number YSC2190121075, and sent you the receipt notice that describes how we will process your case.  Please follow the instructions in the notice.  If you have any questions, contact the USCIS Contact Center at <a href=""https://www.uscis.gov/contactcenter"" target=""_blank"">www.uscis.gov/contactcenter</a>.  If you move, go to <a href=""https://egov.uscis.gov/coa/displayCOAForm.do"" target=""_blank"">www.uscis.gov/addresschange</a> to give us your new mailing address."
